image,count
indoor_076.jpg,20
nature_042.jpg,19
urban_022.jpg,19
urban_029.jpg,19
urban_004.jpg,19
urban_010.jpg,19
urban_038.jpg,19
nature_056.jpg,19
urban_079.jpg,19
urban_087.jpg,19
indoor_040.jpg,19
urban_080.jpg,19
indoor_082.jpg,19
urban_011.jpg,19
urban_039.jpg,19
indoor_091.jpg,19
indoor_047.jpg,19
nature_085.jpg,19
nature_023.jpg,19
nature_055.jpg,18
nature_013.jpg,18
urban_032.jpg,18
nature_050.jpg,18
nature_021.jpg,18
nature_022.jpg,18
indoor_037.jpg,18
nature_027.jpg,18
nature_097.jpg,18
urban_060.jpg,18
urban_036.jpg,18
nature_095.jpg,18
nature_094.jpg,18
nature_036.jpg,18
indoor_042.jpg,18
indoor_005.jpg,18
nature_064.jpg,18
urban_003.jpg,18
urban_051.jpg,18
indoor_058.jpg,18
nature_060.jpg,18
indoor_072.jpg,18
nature_010.jpg,18
nature_031.jpg,18
nature_066.jpg,18
nature_001.jpg,18
nature_005.jpg,18
indoor_080.jpg,18
indoor_093.jpg,18
nature_074.jpg,18
urban_098.jpg,18
urban_055.jpg,18
indoor_013.jpg,18
indoor_059.jpg,18
indoor_069.jpg,18
urban_050.jpg,18
indoor_014.jpg,18
urban_031.jpg,18
urban_066.jpg,18
urban_096.jpg,18
indoor_062.jpg,18
indoor_015.jpg,18
urban_070.jpg,18
urban_077.jpg,18
urban_074.jpg,18
indoor_061.jpg,18
nature_019.jpg,18
nature_008.jpg,18
nature_065.jpg,18
urban_097.jpg,18
urban_047.jpg,18
indoor_024.jpg,18
urban_041.jpg,18
indoor_035.jpg,17
urban_035.jpg,17
nature_028.jpg,17
nature_039.jpg,17
indoor_020.jpg,17
nature_006.jpg,17
nature_063.jpg,17
nature_061.jpg,17
nature_040.jpg,17
nature_011.jpg,17
urban_084.jpg,17
nature_012.jpg,17
nature_091.jpg,17
urban_033.jpg,17
urban_054.jpg,17
urban_044.jpg,17
indoor_096.jpg,17
nature_048.jpg,17
nature_024.jpg,17
indoor_017.jpg,17
nature_016.jpg,17
nature_081.jpg,17
nature_088.jpg,17
urban_034.jpg,17
indoor_025.jpg,17
indoor_004.jpg,17
indoor_067.jpg,17
indoor_090.jpg,17
indoor_033.jpg,17
indoor_083.jpg,17
indoor_010.jpg,17
indoor_055.jpg,17
indoor_077.jpg,17
indoor_041.jpg,17
indoor_045.jpg,17
nature_076.jpg,17
nature_033.jpg,17
indoor_043.jpg,17
urban_005.jpg,17
urban_014.jpg,17
urban_061.jpg,17
nature_047.jpg,17
indoor_012.jpg,17
urban_028.jpg,17
urban_057.jpg,17
nature_068.jpg,17
nature_014.jpg,17
nature_051.jpg,17
urban_012.jpg,17
urban_023.jpg,17
urban_094.jpg,17
indoor_002.jpg,17
urban_073.jpg,17
urban_016.jpg,17
nature_062.jpg,17
nature_090.jpg,17
nature_035.jpg,17
urban_017.jpg,16
indoor_044.jpg,16
indoor_003.jpg,16
nature_053.jpg,16
nature_072.jpg,16
nature_049.jpg,16
urban_027.jpg,16
urban_067.jpg,16
indoor_029.jpg,16
indoor_092.jpg,16
urban_053.jpg,16
nature_007.jpg,16
nature_075.jpg,16
nature_098.jpg,16
urban_086.jpg,16
nature_003.jpg,16
nature_079.jpg,16
nature_034.jpg,16
indoor_030.jpg,16
urban_091.jpg,16
nature_070.jpg,16
nature_069.jpg,16
nature_100.jpg,16
nature_058.jpg,16
urban_078.jpg,16
urban_015.jpg,16
urban_025.jpg,16
nature_080.jpg,16
indoor_026.jpg,16
indoor_006.jpg,16
indoor_068.jpg,16
indoor_038.jpg,16
nature_057.jpg,16
nature_037.jpg,16
nature_059.jpg,16
nature_078.jpg,16
nature_032.jpg,16
urban_037.jpg,16
indoor_019.jpg,16
urban_095.jpg,16
urban_026.jpg,16
indoor_071.jpg,16
indoor_066.jpg,16
indoor_074.jpg,16
urban_100.jpg,16
indoor_075.jpg,16
indoor_046.jpg,16
urban_075.jpg,16
urban_093.jpg,16
indoor_089.jpg,16
indoor_060.jpg,16
indoor_100.jpg,16
nature_073.jpg,16
urban_088.jpg,16
urban_059.jpg,16
nature_089.jpg,16
urban_085.jpg,15
indoor_056.jpg,15
nature_029.jpg,15
indoor_094.jpg,15
urban_072.jpg,15
indoor_064.jpg,15
indoor_078.jpg,15
urban_024.jpg,15
urban_090.jpg,15
indoor_053.jpg,15
indoor_073.jpg,15
indoor_065.jpg,15
indoor_032.jpg,15
urban_049.jpg,15
indoor_028.jpg,15
indoor_008.jpg,15
indoor_063.jpg,15
urban_019.jpg,15
indoor_022.jpg,15
urban_030.jpg,15
urban_089.jpg,15
urban_052.jpg,15
nature_038.jpg,15
nature_093.jpg,15
nature_045.jpg,15
nature_054.jpg,15
nature_067.jpg,15
urban_083.jpg,15
indoor_088.jpg,15
nature_071.jpg,15
indoor_084.jpg,15
urban_040.jpg,15
indoor_070.jpg,15
indoor_079.jpg,15
nature_052.jpg,15
nature_004.jpg,15
urban_082.jpg,15
nature_015.jpg,15
urban_046.jpg,15
urban_009.jpg,15
nature_017.jpg,15
nature_020.jpg,15
urban_013.jpg,15
urban_062.jpg,15
urban_018.jpg,15
urban_043.jpg,15
urban_021.jpg,15
urban_076.jpg,15
nature_043.jpg,15
nature_041.jpg,15
indoor_048.jpg,14
indoor_021.jpg,14
indoor_081.jpg,14
nature_099.jpg,14
nature_009.jpg,14
nature_084.jpg,14
indoor_097.jpg,14
indoor_050.jpg,14
urban_064.jpg,14
urban_006.jpg,14
nature_077.jpg,14
indoor_011.jpg,14
nature_025.jpg,14
nature_096.jpg,14
nature_002.jpg,14
nature_018.jpg,14
nature_030.jpg,14
urban_045.jpg,14
indoor_009.jpg,14
indoor_051.jpg,14
indoor_016.jpg,14
urban_042.jpg,14
urban_081.jpg,14
indoor_023.jpg,14
nature_092.jpg,14
indoor_057.jpg,14
urban_099.jpg,14
urban_065.jpg,14
urban_092.jpg,14
indoor_086.jpg,14
nature_086.jpg,14
nature_087.jpg,14
indoor_034.jpg,14
indoor_018.jpg,14
indoor_095.jpg,14
indoor_007.jpg,13
indoor_052.jpg,13
nature_026.jpg,13
urban_002.jpg,13
urban_056.jpg,13
indoor_036.jpg,13
indoor_085.jpg,13
urban_071.jpg,13
urban_048.jpg,13
indoor_031.jpg,13
indoor_039.jpg,13
indoor_054.jpg,13
indoor_049.jpg,13
urban_008.jpg,13
urban_068.jpg,13
nature_082.jpg,13
nature_046.jpg,13
urban_020.jpg,13
nature_044.jpg,13
nature_083.jpg,13
indoor_027.jpg,12
indoor_098.jpg,12
indoor_099.jpg,12
indoor_087.jpg,12
urban_058.jpg,12
urban_007.jpg,12
urban_063.jpg,12
urban_001.jpg,12
urban_069.jpg,12
indoor_001.jpg,11
